"","X_charge","Y_charge"
"C",4,5
"i1",2,1
"i2",1,7
"i3",2.001,4
"i4",2,8
"i5",5,2
"i6",6,8
"i7",7,5
"i8",8,2
"i9",8,7
"u.1.1",100.932273708982,100.643875989132
"u.1.2",100.99714620295,100.242709392682
