"","X_charge","Y_charge"
"C",3.64514176174998,4.71465980634093
