"","X_charge","Y_charge"
"C",6.51222009118646,3.39839713741094
"i1",5.9604655415751,1.2597166816704
"u.1.1",1.5232054470107,4.52339152572677
"u.1.2",2.59522922725106,5.02607379807159
"u.1.3",3.66725300749143,5.52875607041642
"u.1.4",4.7392767877318,6.03143834276125
"u.1.5",5.81130056797216,6.53412061510608
"u.1.6",6.88332434821253,7.0368028874509
"u.1.7",7.9553481284529,7.53948515979573
