"","X_charge","Y_charge"
"C",6.17176740244031,6.73286611679941
"i1",4.38523530727252,9.90984889445826
"u.1.1",2.59603466605768,0.291674053296447
"u.1.2",3.05602914808939,1.41337665884445
"u.1.3",3.5160236301211,2.53507926439246
"u.1.4",3.97601811215281,3.65678186994046
