"","X_charge","Y_charge"
"C",6.17176740244031,6.73286611679941
