"","X_charge","Y_charge"
"C",6.51222009118646,3.39839713741094
