"","X_points","Y_points"
"i1",5.9604655415751,1.2597166816704
