"","X_points","Y_points"
"i1",4.38523530727252,9.90984889445826
