"","X_charge","Y_charge"
"C",6.22379163745791,3.77083134185523
