"","X_charge","Y_charge"
"C",6.90378009714186,3.79527460411191
