"","X_charge","Y_charge"
"C",3.67195423785597,5.78483708761632
