"","X_charge","Y_charge"
"C",4.15568275284022,3.14082855824381
