"","X_points","Y_points"
"i1",4.09678991883993,3.76422831322998
"i2",8.59175199409947,2.11354115977883
"i3",9.66937127057463,9.20442830771208
"i4",1.47183575900272,8.09807117562741
"i5",0.946064440067858,2.17849336797372
