"","X_points","Y_points"
"i1",1.45091470098123,5.35360642941669
"i2",8.77180801704526,3.6508174543269
"i3",8.62384295323864,3.26336116995662
"i4",1.53095749439672,2.10616439115256
"i5",6.18737317621708,7.17736084014177
