"","X_charge","Y_charge"
"C",5.01966509316117,3.73344938457012
