"","X_charge","Y_charge"
"C",6.58988060150295,6.40378074441105
