"","X_charge","Y_charge"
"C",4.75761865079403,5.38548931945115
